{"cameraMode":{"drawMode":0,"name":"Shaded","section":"Shading Mode"},"sceneLighting":true,"audioPlay":false,"sceneViewState":{"showFog":true,"showMaterialUpdate":false,"showSkybox":true,"showFlares":true,"showImageEffects":true,"showParticleSystems":true},"in2DMode":false,"pivot":{"x":0.7599999904632568,"y":0.5,"z":-3.5399999618530275},"rotation":{"x":-0.10958951711654663,"y":0.0005934942164458334,"z":-0.00006788987229811028,"w":-0.9939826130867004},"size":2.0660252571105959,"orthographic":false}